ffq_Id,,Ile (Isoleucine),Leu (Leucine),Lys (Lysine),Met (Methionine),Cys (Cysteine),Phe (Phenylalanine),Tyr (Tyrosine),Thr (Threonine),Try (Tryptophan),Val (Valine),Arg (Arginine),His (Histidine),Ala (Alanine),Asp (Aspartic Acid),Glu (Glutamic acid),Gly (Glycine),Pro (Proline),Ser (Serine)
FS_12gwOcGLAaHdDxy,2356.7,4185.92,2695.86,1116.09,1003.44,2713.59,1889.55,2012.32,739.87,2816.99,2966.83,1452.04,2430.08,4074.05,14264.61,2285,4806.45,2832.45
FS_1BPDTtYtaq9zgqR,5774.34,9945.01,8207.31,2883.46,1955.22,5822.35,4303.21,5165.77,1596.9,6924.04,7466.25,3290.68,6193.47,11565.48,24541.58,5348.63,8323.75,6466.51
FS_1cYewBJMiaxmc8o,3577.26,6104.3,4796.42,1697.68,1202.42,3711.87,2543.85,3120.41,1009.68,4292.07,4196.3,2064,3403.04,6454.86,15464.68,2858.62,5653.66,3943.23
FS_1eQnWt7aaeUPSL7,3565.7,6298.75,4529.55,1583.82,1206.26,3986.55,2841.22,3098.32,1051.36,4419.36,5638.77,2054.68,3469.77,8198.12,16705.95,3217.69,5596.54,4210.38
FS_1li3dwv4rsHnbtI,0,0,0,0,0,0,0,0,0,0,0,0,0,0,0,0,0,0
FS_1LtUUQEE1TAX5MH,0,0,0,0,0,0,0,0,0,0,0,0,0,0,0,0,0,0
FS_1mIQ10ID06DAe7V,0,0,0,0,0,0,0,0,0,0,0,0,0,0,0,0,0,0
FS_22P2azkCw7hJIzR,0,0,0,0,0,0,0,0,0,0,0,0,0,0,0,0,0,0
FS_26govp39DX6LyXK,12121.5,21130.35,16661.58,5813.88,3026.28,12400.94,9452.36,10706.69,3417.69,15328.4,12210.88,6611.98,9793.65,25949.82,51019.92,7534.47,19141.05,13243.19
FS_2tKXESups88CeYM,6067.2,10331.02,8859.39,2831.75,1862.39,6258.01,4640.15,5347.45,1741.02,7287.49,7599.14,3486.69,5933.62,12238.46,26134.44,5512.83,9266.27,6357.36
FS_2TsD0eXJIxArGAb,0,0,0,0,0,0,0,0,0,0,0,0,0,0,0,0,0,0
FS_2Vm5dr2NbOVnHBJ,5541.4,9632.1,7333.13,2662.77,1994.39,5868.44,4210.96,4736.19,1520.12,6745.65,7320.38,3231.77,5642.37,10839.28,25980.95,4932.21,8782.14,6249.86
FS_2WDuRWKXL0Hd2kG,5247.06,9742.06,5065.55,2245.84,3054.55,6658.03,4440.58,4453.79,1750.67,6748.54,9606.82,2985.3,5833.18,11681.57,28580.75,6170.58,7770.21,6609.12
FS_2yapNuKwAW7Ls9f,0,0,0,0,0,0,0,0,0,0,0,0,0,0,0,0,0,0
FS_31u5bySxJhk0gr5,0,0,0,0,0,0,0,0,0,0,0,0,0,0,0,0,0,0
FS_3GDFeB6FVxFISWR,0,0,0,0,0,0,0,0,0,0,0,0,0,0,0,0,0,0
FS_3HpQ6GaOSaMCo4l,0,0,0,0,0,0,0,0,0,0,0,0,0,0,0,0,0,0
FS_3iQ0uasFiL9h2zC,0,0,0,0,0,0,0,0,0,0,0,0,0,0,0,0,0,0
FS_3KxqNT0DEvHjPdC,0,0,0,0,0,0,0,0,0,0,0,0,0,0,0,0,0,0
FS_3m4gsFnanDpUozJ,0,0,0,0,0,0,0,0,0,0,0,0,0,0,0,0,0,0
FS_3qvA7WcHgNzAvDM,0,0,0,0,0,0,0,0,0,0,0,0,0,0,0,0,0,0
FS_3qwfpKMnMIlQWwt,4306.06,7518.13,5757.04,2006.91,1420.54,4637.83,3353.3,3664.33,1193.73,5178,6129.05,2552.84,4341.71,8908.59,20069.08,3993.95,6875,4912.92
FS_3R8gklVqMJv9rPj,0,0,0,0,0,0,0,0,0,0,0,0,0,0,0,0,0,0
FS_3sgNjtj3n4fkbOK,0,0,0,0,0,0,0,0,0,0,0,0,0,0,0,0,0,0
FS_8ADu5zl5B2ytxSN,3845.34,6593.82,4594.01,1705.87,1352.67,4244.78,2782.73,3403.17,1180.59,4906.78,5334.13,2093.09,3527.27,7622.77,16967.02,3031.75,5962.59,4509.74
FS_9EsvRw0jOoaDH1L,0,0,0,0,0,0,0,0,0,0,0,0,0,0,0,0,0,0
FS_AccHXGanH4AQAiR,0,0,0,0,0,0,0,0,0,0,0,0,0,0,0,0,0,0
FS_ctBHlBalCZnNDzz,0,0,0,0,0,0,0,0,0,0,0,0,0,0,0,0,0,0
FS_dms2ShwNc7V5fSF,0,0,0,0,0,0,0,0,0,0,0,0,0,0,0,0,0,0
FS_pQ9pByqwvDXvsD7,0,0,0,0,0,0,0,0,0,0,0,0,0,0,0,0,0,0
FS_r1R8QdLXxgE8Q6Z,9843.01,16695.67,14541.38,4904.9,3095.62,9573.41,7103.98,8681.71,2567.2,11577.81,11977.06,5548.09,10817.29,18826.67,40363.59,8535.45,13994.28,10758.69
FS_TeifLGcgFJZLnln,3873.49,6545.33,5903.27,1900.68,1081.95,3838.69,2829.25,3485.62,1070.53,4656.55,5004.66,2204.17,3854.33,7930.57,15153.83,3148.97,5395.44,3897.68
FS_tLDVIzIgXMF3Smt,0,0,0,0,0,0,0,0,0,0,0,0,0,0,0,0,0,0
FS_ulxifbUzHLt1RPH,5637.03,9652.35,8714.16,2816.21,1631.35,5553.65,4362.69,5013.07,1582.85,6608.86,6441.65,3438.56,5958.88,10241.81,24484.76,5281.91,8743.57,5704.07
FS_VXqKwl0Kloc6v0R,0,0,0,0,0,0,0,0,0,0,0,0,0,0,0,0,0,0
R_0NbpKB19iv628AV,3236.18,5615.01,3952.09,1482.49,1181.2,3572.71,2482.53,2698.91,969.14,3872.34,4862.03,1926.35,3365.28,6607.16,15727.34,3150.12,5326.21,3996.26
R_0p0DtMJHJSsSRj3,2664.12,4841.68,3267.56,1181.58,797.1,2927.28,2059.25,2239.48,776.48,3335.64,3737.59,1510.39,2354.08,5258.08,12988,2011.85,4637.41,3187.15
R_1156aqkUgYPpIc2,3511.21,5816.23,5360.38,1655.36,1075.03,3567.91,2624.94,3083.23,968.8,4071.29,5178.54,2088.39,3761.98,8006.6,13969.9,3345.91,4090.34,3610.6
R_11hVpQxJ0l0b1fT,6088.42,10907.12,8018.1,2849.24,2147.13,6796.1,5015.98,5207.53,1789.42,7329.07,9545.04,3765.5,6356.34,12767.41,30437.45,5957.58,10156.62,7355.73
R_1Bb72ce7bmyG2Wt,4457.27,7773.4,5836.02,2027.98,1551.04,5063.8,3454.72,3901.45,1326.9,5565.73,6941.84,2689.47,4531.5,9816.56,20819.42,4201.96,7220.47,5317.04
R_1CwpmACrLuSIijQ,0,0,0,0,0,0,0,0,0,0,0,0,0,0,0,0,0,0
R_1DNCdXhjnLJVWU1,2879.51,4951.77,3790.57,1333.37,923.41,3089.75,2134.92,2489.31,847.76,3480.71,3763.12,1681.93,2696.61,5692.8,13534.48,2366.18,4807.65,3226.67
R_1DPanS6Q8QS5J9W,4952.75,8765.3,6180.54,2355.9,1732.76,5252.67,3656.16,4248.16,1378.08,6064.34,5271.28,2734.51,4636.06,9382.41,24380.04,3763.11,9430.13,5737.77
R_1dtQ9CgW8sB4vfz,9512.16,16802.42,12864.67,4431.87,2826.22,10294.64,7450.36,8240.71,2703.56,11779.49,13904.22,5713.9,9632.36,20439.43,41880.07,8561.67,14359.69,11005.74
R_1ercfe5yfwAI9w2,4146.19,6934.13,4792.68,1642.74,1539.63,4459.85,2845.98,3481.21,1308.06,4982.06,6063.35,2292.25,3578.83,8755.28,20253.47,3372.92,6758.32,4569.66
R_1eXzb1e5jTn5a0F,2195.99,3741.36,2430.12,881.6,956.54,2484.03,1596.18,1874.19,697.46,2701.55,3186.16,1212.82,1998.45,4999.31,11034.6,1948.85,3601.29,2508.22
R_1EZqzQ5ACibkqCT,4566.88,7617.09,5861.15,2092.61,1603.63,4863.79,3342.74,3891.91,1325.12,5472.55,5902.23,2553.41,4422.61,10137.84,21064.43,3975.94,6904.91,5120.13
R_1g6zYVom7m8bzdr,13118.8,22583.8,15271.51,6182.24,5129.31,14404.95,9578.9,11065.21,3834.82,15876.69,16933.54,7591.68,12865.16,25942.02,64816.59,11554.13,22774.7,16111.37
R_1geBbLb6x8ehco6,1529.54,2613.57,1803.57,606.52,599.89,1766.76,1203.48,1337.29,506.97,1884.36,2610.89,881.15,1552.38,4308.68,7294.19,1536.2,2431.17,1817.6
R_1gnzvdAnBbcOUaS,4577.67,8846.91,3550.01,2152.37,3145.7,5829.01,3949.58,3719.2,1518.86,5876.86,6187.74,2780.05,4442.34,6618.39,37521.11,4664.66,14146.09,7000.16
R_1gSld5MSJF62vAZ,7965.36,13780.98,10677.92,3837.08,2475.87,8239.63,6102.26,6806.99,2254.1,9694.58,9990.57,4643.42,7977.05,15809.89,35384.26,7011.38,12496.24,8979.64
R_1GTFlHxBaIi85d0,3163.36,5820.56,3395.63,1508.15,1308.82,3580.06,2557.68,2635.11,918.98,3950.28,3559.95,1795.84,2804.51,5431.9,18468.63,2483.47,7015.97,4034.9
R_1GwDXTWHJ2FfJ6F,5935.19,10115.65,8086.82,2768.8,1948.14,6289.6,4426.75,5126.82,1676.91,7047.92,8318.96,3558.68,6040.91,11926.37,27010.49,5569.96,9210.74,6555.98
R_1GZy19pqX77B11j,5302.42,9033.31,6946.43,2440.8,1895.54,5549.44,3815.74,4535.93,1531.01,6185.16,6372.36,3046.76,5108.46,9324.25,24789.68,4357.86,8838.76,5864.97
R_1He2FWQIaidsB24,2625.95,4552.36,3730.13,1322.04,827.51,2704.55,2047.38,2330.54,733.73,3211.71,3373.24,1577.74,2769.63,5453.19,11533.5,2519.72,4221.33,2920.52
R_1Hxx2zLXxRQh6eJ,1951.04,3249.45,3105.51,942.88,600.46,1977.93,1429.41,1760.99,529.52,2223.97,2910.03,1187.01,2332.36,4122.19,7491.88,2052.36,2241.93,1988.72
R_1hydOj1LX0eoJXn,2789.79,4779.38,3697.96,1169.74,866.11,3233.04,2313.39,2415.91,829.04,3357.95,5222.1,1724.49,3081.71,7472.3,11585.82,3020.1,3347.07,3355.75
R_1ifb9FJM45hJO0h,1887.55,3135.06,2897.9,893.62,643.38,1953.61,1367.36,1662.52,517.38,2145.33,2727.81,1170.62,2125.65,4174.71,8308.09,2062.53,2628.18,1963.06
R_1jcTdhxd5lls5de,4329.11,7726.54,4665.81,1948.67,1679.67,4863.58,3219.73,3601.8,1281.69,5358.98,4719.58,2404.12,3722.33,7400.75,23290.35,3180.42,8597.52,5408.95
R_1jdHfQVUYhbAXRq,3575.34,6398.68,4267.19,1636.69,1152.48,3869.59,2696.74,3050.27,1040.49,4492.18,3665.51,1998.61,2996.04,6364.96,17737.03,2448.23,6495.09,4039.58
R_1LnFQewUYebRYG5,19328.17,33515.31,27961.02,8877.11,6010.5,20112.77,14031.23,17102.09,5285.07,23170.92,26630.93,11545.66,19852.18,39750.79,83152.78,17471.04,31774.99,21603.49
R_1LogO0bs2pvvhyx,19650.46,33584.82,30521.72,9918.68,5513.21,19505.48,14903.17,17776.48,5418.92,23393.3,29042.1,11128.94,21230.86,42061.99,75558.03,18783.77,24176.52,20333.59
R_1lxC6syLEu75Zpx,37667.46,66347.99,45999.14,16683.21,15063.77,42755.7,28270.88,32364.51,11605.13,45558.56,61207.02,22526.4,40661.36,80362.02,191936.33,40102.37,67220.23,45469.91
R_1M0T3D3yXj7riyq,11522.56,19706.66,14781.18,5574.12,4296.06,12454.21,8710.2,10120.97,3322.12,13955.26,16049.15,6818.4,12414.76,23483.9,54862.24,10951.28,18401.6,13958.72
R_1MR4iKzBxb3NQ94,4359.61,7735.51,4880.82,1925.01,1498.75,4910.21,3375.96,3631.46,1347.32,5403.28,5894.08,2510.16,4005.93,8453.48,21918.69,3586.24,7554.48,5332.71
R_1Ny6EKBteWI8v83,2746.88,5033.2,2878.6,1138.99,1056.89,3357.9,2251.61,2253.57,873.84,3360.45,4930.14,1675.21,2822.48,6627.91,14476.9,2857.29,4798.52,3530.01
R_1oAWDWToD6mhdZ6,3042.52,5380.26,3572.17,1312.7,1000.43,3437.94,2313.28,2528.01,936.56,3753.07,4636,1747.38,2768.54,6324.69,14736.92,2537.96,5170.86,3699.79
R_1ojzAvfOHO7dDsd,12757.36,23084.44,14812.95,6107.38,4895.09,14404.16,9689.34,10914.33,3648.02,16156.24,14420.46,7389.76,12074.33,22429.81,70815.95,10520.26,27574.88,15547.02
R_1Olwvt9gzUUhyWW,4670.11,8191.08,5050.74,2071.02,2143.32,5373.51,3536.32,3870.84,1434.46,5586.03,6928.11,2712.41,4626.42,9073.15,27123.86,4451.51,9317.41,5983.9
R_1py3Ps3tV913Ji7,4762.54,8204.51,5560.57,2079.74,1766.67,5208.69,3426.23,4225.39,1508.96,6031.68,5854.8,2538.03,4354.42,9750.41,23128.95,3745.81,8921.87,5727.38
R_1q9b1Bgs3Rc6rzh,3903.31,6732.69,4763.23,1784.47,1396.55,4241.01,2834.9,3417.42,1125.31,4750.32,4689,2202,3786.74,7638.93,18433.76,3106.49,6354.71,4613.54
R_1rdAjRUF6kEIyOF,2834.18,5029.02,2913.81,1142.22,1065.58,3389.88,2205.53,2239.52,941.2,3444.48,5307.17,1658.74,2789.62,6513.12,15264.95,2901.38,4885.71,3704.94
R_1rJv63ir1cSlpLz,4291.51,7467.13,5050.88,2044.19,1802.76,4662.33,3177.56,3634.56,1272.64,5123.01,5235.25,2486.13,4319.39,8029.09,22736.9,4022.01,8306.02,5280.81
R_1rulXLplMsV7qQ0,7938.71,13168.23,11830.15,3826.71,2763.9,8218.69,5741.75,7237.06,2251.39,9425.74,11576.39,4957.98,9090.62,17148.65,32213.21,8371.29,10791.23,8367.63
R_20ZQo7f0ZTlAvgC,5045.37,8453.8,7242.96,2437.83,1730.71,5251.83,3918.21,4454.74,1456.79,5949.06,7296.06,3062.33,5592.74,10818.05,21521.88,5221.54,7145.71,5681.66
R_211bIGMV1Em11mT,4601.61,8183.45,5465.26,2013.97,1419.32,5141.5,3596.38,3816.38,1416.9,5800.43,7377.49,2635.67,4253.03,9943.93,21167.05,3900.46,7175.6,5666.04
R_22M64faiglSp82Y,5621.87,9507.23,9300.71,2851.9,1765.75,5734.69,4143.76,5162.43,1514.85,6481.56,7485.46,3767.54,6844.22,11323.12,23458.21,6420.1,8174.19,5679.89
R_22xB4m0lLV5pzhY,6151.3,10836.65,8074.61,3023.25,1959.26,6401.72,4755.32,5327.21,1695.49,7665.56,6354.79,3474.85,5473.62,11222.23,28601.32,4310.82,10788.69,7088.44
R_24IRHI0MTsnCzBg,1444.7,2415.85,2108.14,737.15,453.36,1418.52,1053.07,1274.15,388.75,1703.37,1667.64,891.13,1533.84,2743.7,5931.58,1287.62,2050.4,1566.01
R_24IxCtuRa3RRKch,1955.27,3414.1,2290.52,786.06,799.44,2246.44,1471.51,1724.98,612.24,2434.23,2794.13,1151.51,2037.23,5254.13,9730.71,1853.4,3336.18,2341.57
R_25vi6iPkMVemloN,1932.73,3155.53,2758.47,960.39,653.74,1917.61,1388.97,1696.81,542.24,2255.74,2337.72,1117.25,2043.33,3855.04,7597.79,1713.47,2497.7,2065.67
R_26hy3KIqOW0KmXb,3949.38,6995.42,4386.15,1697.53,1491.08,4524.83,3132.9,3305.24,1204.48,4803.22,5876.59,2272.44,3810.48,8026.19,21336.73,3501.13,7160.72,4967.71
R_26kWET47S0O5Ywo,5493.99,9720.68,6879.71,2339.75,1653.42,6057.94,4236.36,4623.38,1604.6,6908.09,8514.56,3141.91,5137.99,11682.01,25036.22,4538.18,8668.16,6665.64
R_26pWotZ3Li7pnuV,4380.69,8543.04,3326.5,2077.2,3077.15,5641.61,3858.61,3571.89,1460.03,5622.16,5756.01,2677,4306.55,6205.19,36619.23,4499.28,13920.25,6805.27
R_27fAGWVpJwDRKG9,4604.05,8099.6,5531.96,2110.73,1610.52,4944.39,3454.8,3823.76,1292.23,5526.99,5804.84,2582.51,4187.71,8204.86,23723.53,3673.99,8395.38,5386.74
R_27fBFZe0Jk7FPqe,6323.62,10658.35,7682.31,2957.67,2651.25,6740.93,4452.61,5376.87,1766.53,7223.85,8086.29,3717.74,6615.85,12763.03,33803.21,6359.71,11817.12,7207.59
R_27kDTEGMFG0EjQf,2720.66,4750.84,3633.27,1293.53,892.32,2856.58,2030.71,2354.15,748.45,3263.12,3347.01,1556.15,2661.68,5329.62,12703.46,2306.97,4618.6,3035.21
R_29hrdI4Aj4xYKmi,6119.01,10184.44,8675.23,2994.16,2065.98,6292.21,4442.62,5352.02,1663.88,7049.35,8104.16,3655.25,6694.4,11886.17,27257.51,5966.15,8918.8,6521.85
R_29hz1DFwahC5of4,6573.78,11093.99,9183.13,3090.89,2218.47,6945.44,4810.95,5658.77,1930.63,7632.75,9764.6,4026.68,7097.4,14663.82,28231.31,6573.42,9228.56,7413.77
R_29iDZ6X6MTtxtUd,1662.09,2953.31,1891.78,668.38,633.01,1900.82,1289.95,1420.09,509.68,2045.3,2529.42,972.96,1636.04,3920.12,7598.21,1519.86,2373.46,1903.67
R_29vrewwSUJtu6Ky,3214.43,5399.8,4307.65,1384.76,708.84,3228.4,1796.21,2549.66,919.54,3509,2674.1,1834.52,2636.7,5120.5,11245,1875.97,4793.8,3370.1
R_2b1LmU7y21jivst,24236.54,40394.03,35741.42,12241.84,7495.34,23549.77,17531.63,21630.79,6468.23,28898.47,28629.63,13916.72,26029.74,46287.01,98588.42,21019.17,33063.34,26288
R_2Bap2bXQgfqCtFw,2593.62,4478.6,3012.61,1060.55,884.77,2961.18,2035.31,2202.84,786.43,3211.9,4255.67,1520.74,2448.18,5869.06,11806.52,2349.9,3751.68,3116.85
R_2bH2BT57uS4Taps,4654.62,7928.16,6194.08,1996.08,1646.92,5335.89,3643.31,3929.33,1375.3,5442.56,8327.96,2903.86,4997.27,10549.17,22516.77,5114.81,6732.47,5329.26
R_2Bny7Aje6FVFMjF,5827.75,10287.43,7674.8,2701.49,1888.36,6359.26,4703.22,4902.45,1643.37,7101.21,9134.08,3548.07,6178.69,12157.45,25711.92,5756.27,8341.64,6734.05
R_2BsXXgjvVdXWTpM,13789.1,23947.77,22158.57,7225.61,4521.27,14704.26,10065.87,12914.47,3876.21,17334.79,17411.3,9395.48,15707.04,28550.14,52222.56,13930.52,18940.85,15121.68
R_2bW6TWLThSWNOq3,9498.54,16635.84,12827.6,4564.68,3138.94,9962.93,7336.52,8220.6,2637.84,11423.81,12690,5348.2,9880.55,19753.43,43873.53,8466.46,15250.65,10936.59
R_2COMatNirwt9a1X,4880.65,8594.1,5819.88,2239.5,1758.69,5263.84,3695.01,4156.14,1393.34,6021.79,5905.24,2704.53,4684.13,9384.19,23492.73,3964.82,8328.05,5772.84
R_2CPLvrlITHPROsu,4187.39,7266.04,5289.63,1870.76,1355.32,4365.11,2883.54,3629.93,1183.21,4986.89,4699.63,2257.12,3922.34,8328.68,19020.9,3102.07,7067.1,4603.91
R_2CyzIkfv6iU0Lpx,2458.53,4045.43,3685.78,1149.92,850.26,2555.92,1764.84,2164.11,677.89,2791.35,3280.62,1464.49,2664.07,5684.05,10774.71,2467.13,3372.31,2535.42
R_2dp7xmptKJ8yuVh,2775.33,4859.66,3213.97,1269,1051.24,3080.36,2096.73,2386.87,821.38,3464.3,3592.44,1549.83,2603.88,5506.22,13873.8,2274.9,4955.74,3447.88
R_2dRuvjNaiVs0MnR,3114.64,5488.69,3688.6,1364.33,1049.98,3611.43,2519.34,2664.73,954.12,3938.47,4707.19,1792.2,2921.28,6953.97,15234.56,2777.4,5129.88,3756.99
R_2ePQkpnRzoG5xLh,12263.43,22178.28,15158.35,5660.9,3714.54,13277.73,9614.8,10604.99,3497.14,15517.72,13753.73,6861.05,10456.65,23525.25,58758.59,8420.33,21994.04,14617.08
R_2f6BLJpNmGm6ueF,3111.03,5233.77,4282.89,1439.37,915.51,3198.58,2239.2,2675.45,880.2,3755.92,4382.76,1822.29,2953.96,6567.65,12971.21,2643.29,4380.23,3293.22
R_2fdp7XnfFAWaIlU,3400.52,5821.19,4797.75,1635.48,1112,3518.25,2433.16,2928.2,919.07,3945.14,3783.08,1992.87,3278.35,6267.66,15579.18,2737.1,5560.64,3629.93
R_2fDuHU53dklPYNi,3147.54,5318.83,3782.8,1327.87,1195.24,3454.75,2365.11,2781.41,975.95,3820.89,4144.76,1715.89,3032.19,8000.03,14690.46,2605.63,5217.06,3824.87
R_2fqHp8pRIJaxkY4,4380.93,7786.21,4948.6,1621.24,1667.2,5430.41,3548.3,3591.76,1435.76,5307.95,9310.06,2737.45,4506.31,11163.18,22087.52,4964.43,6793.22,5618.2
R_2fx2piBvMXPqOvD,3253.06,5805.36,3641.8,1275.81,1173.02,3775.25,2622.96,2755.51,1025.74,3953.61,4765.22,1861.47,3218.72,7547.17,15285.95,3018.17,5032.7,3876.02
R_2l9EgCdh0kuuoSt,13879.45,23450.51,22888.84,7147.94,4095.72,13512.12,10551.83,12500.56,3637.73,15957.78,17430.74,8636.4,15678.29,26172.05,55699.04,13941.32,18844.17,14066.6
R_2mzaUQ18rktr5xT,1426.15,2323.49,2235.46,685.08,469.46,1426.88,1005.02,1259.8,390.14,1617.29,2011.1,870.96,1591.33,3087.1,5975.98,1513.18,1870.98,1412.78
R_2OJYkkImcA2sQfX,5011.15,8997.59,5761.43,2287.5,2024.06,5606.66,3836.45,4238.17,1460.04,6105.76,5734.84,2896.5,4502.05,8931.89,28489.15,3920.5,10590.21,6171.79
R_2OPdyObL8Jap5Ci,85353.16,142985.31,131991.51,44651.59,29205.78,82992.44,63357.07,76742.67,22986.79,96690.7,113288.47,51421.01,101901.34,172102.54,369239.25,87767.49,123913.22,92406.85
R_2P6vodWNMy1crmo,4909.56,8423.58,6606.53,2361.49,1739.77,5090.48,3634.5,4198.05,1422.59,5970.17,7393.38,2908.44,4889.62,9284.83,23857.63,4550.11,7782.07,5422.88
R_2PkjEpmMATStdpE,4855.51,8537.67,6137.8,2343.46,1724.93,5104.5,3599.52,4175.62,1351.33,5890.88,5447.02,2673.99,4817.22,9574.44,23890.34,3902.22,8738.1,5620.98
R_2Pznjl0RG2nVioe,3469.95,6222.12,3964.89,1261.53,1278.05,4435.39,3060.48,2864.38,1159.78,4258.78,8455.15,2213.54,3779.18,9676.56,16605.13,4372.98,4445.48,4433.21
R_2q1K7Zt3XCgb5Hy,5736.68,9667.66,7821.08,2736.79,1824.96,5917.93,4124.2,5010.12,1620.68,6917.95,6930.98,3292.68,5546.08,11236.82,24961.94,4547.2,8397.24,6247.21
R_2q2wJ0Ld59eVn5H,3570.62,5975.88,5376.62,1688.92,1078.73,3624.4,2572.37,3188.34,1001.27,4187.31,4946.3,2193.07,3964.52,8033.82,14090.62,3640.6,4947.75,3633.51
R_2qgTPfwjkfo0dKX,1573.91,2611.25,2204.83,786.32,540.35,1609.86,1147.49,1410.8,449.22,1937.28,2105.37,924.65,1748.54,3355.01,6137.62,1486.49,1873.9,1733.89
R_2QnDK4tNgsgRCgl,6792.67,11959.59,9038.85,3199.31,2417.96,7544.18,5579.42,5896.68,2003.27,8227.4,10480.65,4135.49,7247.51,14322.71,32315.85,6951.16,10767.44,7943.57
R_2QnXUvAlHRasXm7,3363.13,5849.1,4723,1618.72,948.95,3426.15,2528.53,2927.16,932.79,4129.83,4231.83,1950.08,3090.83,6337.28,14850.79,2567.96,5446.83,3664.57
R_2qvAai6D5AGfvUP,4774.89,8045.72,6551.51,2231.21,1554.88,4906.21,3434.54,4291.72,1388.88,5716.7,6302.62,2760.73,5002.21,10365.2,19503.89,4285.37,6677.89,5072.84
R_2QxmUyX5MTBtEF8,5530.44,9222.64,7802.44,2619.68,1649.49,5539.25,3944.95,4979.26,1555.41,6725.59,6722.3,3122.47,5236.55,11004.98,21577.28,4189.77,7700.74,5839.69
R_2rvHw8uhbwnQto8,3134.54,5431.26,3881.56,1438.51,1012.53,3314.46,2208.89,2652.47,912.66,3717.54,3251.13,1798.2,2913.54,6038.58,15022.91,2416.52,5363.9,3491.61
R_2s0yqfo7oyqw6cp,2030.61,3527.68,2462.86,900.19,633.14,2131.23,1456.6,1730.06,610.24,2505.95,2368.88,1123.63,1654.84,3514.4,9711.36,1385.57,3494.5,2203.53
R_2S1dxtnW08E8wNW,3421.75,5999.79,4090.95,1352.78,1149.55,3851.14,2476.41,2917.55,1068.24,4105.03,5827.44,1999.15,3669.76,8485.98,15949.45,3410.73,5048.68,4048.93
R_2SGHbqzsyBnPrJN,1954.02,3317.15,2234.66,814.91,743.38,2195.96,1416.63,1647.51,611.05,2370.58,2697.78,1130.53,1770.22,4162.26,9999.65,1629.2,3488.17,2254.02
R_2SISlHnk8Xm2zZP,3773.2,6540.27,4579.54,1694.39,1146.71,4017.93,2830.44,3194.48,1109.64,4706.34,4462.38,2044.1,3140.18,7747.68,16989.62,2611.48,6183.72,4371.41
R_2Sk7ZzvD9YtT3s7,2484.92,4391.24,3047.56,989.9,822.37,2864.45,2012.11,2110.93,753.54,3053.31,4051.38,1479.77,2263.09,5984.76,11957.98,2220.53,3927.04,2946.54
R_2SkuuGwMxgxNm7f,4591.56,7532.72,7482.76,2408.87,1350.63,4389.62,3370.56,4126.41,1189.39,5239.05,6073.57,2956.92,5541.73,9059.3,18719.49,5199.66,6340.99,4493.06
R_2SlaR8lLO8QLNQQ,6720.22,11581.22,8527.76,3298.29,2274.3,7030.25,5026.68,5826.63,1881.74,8285.09,7510.53,3809.7,6360.64,12237.51,30982.21,5199.82,11522.01,7873.07
R_2sSCBs1qWLxHrC5,35142.29,60600.69,45370.53,16712.48,12767.28,37111.32,26312.64,30467.71,10060.86,42111.3,45381.55,20446.3,36501.83,72509.36,169588.82,32512.51,59281.86,40883.63
R_2sSePKvsEDsxqj7,3158.43,5528.63,4436.46,1481.08,1021.72,3336.39,2442.56,2884.57,909.57,3753.62,4715.8,1873.75,3480.34,7418.5,13535.79,3130.15,4434.77,3471.86
R_2tJwiqWi5c8l3AW,3319.14,5809.82,3641.07,1457,1237.27,3726.97,2395.73,2731.47,970.96,4077.17,3940.54,1884.17,2740.72,6293.77,17935.18,2452.6,6452.9,3955.31
R_2TpzXoD3bqHaTTc,3096.71,5364.23,3844.35,1506.63,1195.33,3261.03,2309.83,2682.42,884.52,3822.85,3699.03,1714.48,2930.13,5789.16,14946.93,2493.76,5328.33,3619.94
R_2TYklMocH7WKKn2,4153.84,7355.31,5580.15,2007.13,1305.91,4352.97,3150.82,3552.96,1132.89,5048.09,4632.32,2412.3,3838.67,7343.38,19855.32,3197.8,7364.11,4701.22
R_2uDo0OerZFZjz9W,10149.83,17589.41,12275.15,4772.24,3923.26,11219.46,7484.97,8702.93,2967.28,12248.33,13024.62,5997.54,10449.91,19706.01,53678.69,9552.91,19880.44,11919.54
R_2uU36YJKdDidULr,2374.39,4030.35,2795.05,1137.83,950.81,2601.14,1774.81,1998.23,721.76,2804.45,2876.32,1430.46,2480.58,4259.33,12709.38,2254.68,4178.86,2810.97
R_2UVkbyq6OuCqBHD,4742.02,8269.46,5439.78,2119.26,1843.66,5192.15,3448.6,4053.88,1381.01,5795.91,5730.63,2633.19,4319.64,8665.08,23913.47,3600.65,8737.45,5669.73
R_2UWsPK9McO7qcFF,8491.55,15311.5,11540.42,3787.16,2560.89,9535.16,6802.31,7555.7,2401.39,10507.12,13058.65,5061.5,8886.66,18990.99,36353.31,7678.38,12216.95,9634.63
R_2V29GrjizhjTUsJ,2896.99,5038.08,3625.73,1393.6,1072.46,3015.3,2159.02,2525.3,825.27,3592.71,3304.54,1592.33,2803.39,5792.63,13205.9,2272.55,4629.83,3355
R_2VeB9SwgXOCc89a,13166.69,22154.34,20644.72,6485.16,3922.69,13436.02,9906.53,11513.69,3469.2,15101.02,16613.67,8027.29,14008.58,25418.13,54222.11,11983.77,17405.04,13458.9
R_2VmzXznv68imrWh,4430.6,7686.11,5666.79,2058.11,1683.01,4693.76,3150.02,3812.45,1255.97,5134.91,5330.33,2574.37,4393.47,8861.37,22089.55,3807.89,8114.48,5150.38
R_2VQ1l0FCKeDFMfP,7097.12,12323.93,7692.98,3052.85,2312.96,7922.68,5004.72,5596.8,2236.48,8408.49,9644.94,4068.47,6384.08,13489.07,33565.71,5789.41,12116.58,8950.15
R_2Vx9THpZZzD6A5M,2377.4,4229.44,3094.76,1076.73,729.55,2614.75,1807.73,2164.97,732.2,3001.83,3210.79,1326.9,2271.1,5119.5,9932.53,1796.44,3686.01,2624.12
R_2wvheKShYqzksya,2608.04,4546.28,3176.18,1130.79,877.02,2836.21,1826.79,2199.7,779.86,3234.3,3299.78,1464.15,2205.92,5010.41,11787.13,1899.6,3977.42,2894.86
R_2WZMoLeiN7rulOa,4762.39,8005.85,6734.71,2373.53,1439.1,4755.29,3456.86,4150.14,1336.64,5641.4,5747.29,2741.56,4762.67,8582.8,19935.85,3805.54,6795,5186.4
R_2xKKKIfBky2bDxO,5113.6,8642.98,7070.09,2526.77,1576.49,5156.69,3717.6,4422.69,1441.86,6029.06,6299.8,2954.97,5137.17,9134.49,22139.4,4235.06,7410.07,5618.57
R_2XpuuVFiSvIwH1r,2123.85,3632.69,2618.46,902.61,688.49,2309.67,1562.37,1799.05,634.51,2608.94,2759.56,1236.53,1827.95,4702.94,10089.13,1625.35,3507.17,2444.09
R_2Yb5dgWmfFMZf7S,1904.43,3298.37,2525.74,929.35,641.06,1991.28,1497.5,1598.99,499.79,2354.85,2042.73,1065.36,1915.77,3471.49,7594.05,1554.89,2724.41,2117
R_2yfSiOscoCXyMqT,5383.65,9523.78,6588.08,2209.78,1759.07,6192.66,4280.54,4555.92,1573.47,6634.63,8620.53,3201.26,5041.77,12075.54,25636.58,4799.94,8437.98,6322.53
R_2YGls1OkmrwZhDb,6519.71,11222.07,8896.21,2947.66,2022.66,6951.93,4881.95,5684.36,1825.26,7863.1,9037.3,3905.19,6472.47,13549.68,28176.84,5801.11,9674.46,7339.22
R_2YJ1plwarh71AB0,2978.31,5093.19,3872.65,1339.63,1069,3144.08,2150.76,2575.47,843.17,3529.32,4056.16,1708.12,3046.76,5821.56,13724.44,2572.2,4386.8,3403.43
R_2yj87OedqNMDmkh,2683.01,4586.22,3591.91,1242.94,735.85,2756.58,1984.96,2342.49,767.87,3359.96,3721.4,1465.17,2637.76,6174.27,10521.36,2138.94,3492.2,3011.99
R_2YlYFVpHKMttrZW,12041.25,20609.27,17785.41,6130.2,3956.28,12117.56,8977.53,10737.42,3264.5,14269.44,14977.45,7265.57,13303.25,23299.33,52292.2,11620.11,18703.03,13194.14
R_2YREE0qILJVIQRk,2564.25,4328.44,3788.85,1280.46,873.58,2573.95,1877.97,2256.42,710.81,2991.19,3744.49,1542.53,2824.58,4957.63,11352.86,2539.44,3546.86,2689.88
R_2zhZzzy9PgM0sLc,9528.8,16460.02,12301.68,4569.59,3406.16,10079.75,7068.01,8273.3,2657.81,11493.3,11790.3,5586.55,9619.87,18877.87,44015.36,8330.42,15268.64,10941.43
R_2zIPu8wO4J6vGfO,4303.73,7811.86,3940.46,1741.06,2126.94,5549.66,3450.89,3515.58,1341.4,5274.71,7532.64,2608.36,4247.29,9640.25,27305.95,4785.42,9333.74,5780.51
R_2ZJk9mUk4qlolNR,21325.28,36618.08,31439.67,10243.1,6159.5,22416.97,16345.66,18944.2,5998.44,25344.23,28989.44,13100.16,23225.99,47522.13,91229.87,21556.97,37275.14,23581.94
R_2ZQgnYfFLyMhrmk,8951.19,15984.56,12012.1,4184.42,3357.65,9825.34,7264.71,7921.43,2554.07,10831.49,13885.99,5515.64,10236.94,19483.42,37982.97,9324.39,11779.53,10129.32
R_2zXSvrXJ9JtwaTs,4035.68,7190.7,4841,1863.26,1346.81,4392.44,3124.45,3447.02,1184.66,5075.03,4550.48,2245.89,3402.1,7273.07,19740.68,2807.99,7208.32,4808.65
R_30dulokKfSfbbwY,3327.48,5266.21,5108.84,1524.84,1034.2,3209.32,2176.88,2816.01,971.46,3949.42,6259.64,1977.55,3223.79,7044.12,13520.89,3282.14,3479.82,3133.41
R_31MFbOzs1AMlyuC,2609.48,4472.58,3017.78,1191.04,882.1,2799.37,1886.44,2236.99,795.74,3269.12,2883.81,1410.89,2224.6,5256.72,12365.18,1781.08,4493.45,3093.42
R_31o0OBTy32WA6Yf,36613.29,61326.68,52631.61,17235.26,11709.51,37824.86,26629.61,33047.82,10488.98,43905.66,49694.68,21543.25,39900.94,76022.07,146890.33,36556.8,49650.63,39174.7
R_31Zsnw0WZ32NR14,3405.31,5637.68,5020.69,1722.25,1083.22,3428.15,2530.98,3009.56,945.98,3965.02,4485.73,2149.99,3709.08,6643.26,14341.9,3293.05,4671.57,3663.61
R_33ej55rMhhEh767,22935.9,39561.12,32396.1,11468.34,7693.29,23244.58,16542.42,20439.49,6084.96,27552.54,28170.47,13077.98,25102.77,45451.64,102644.23,20678.6,35972.65,25950.63
R_33s4ClW7mHgsg8u,4380.13,7518.35,6208.24,1985.84,1278.09,4715.41,3461.36,3780.88,1229.1,5293.98,7002.81,2622.03,4374.59,9549.85,17643.72,4092.82,5743.29,4881.16
R_3DkmGsCA7rEzU53,4465.2,7671.11,5760.76,1992.86,1273.37,4594.59,3091.4,3775.48,1267.58,5372.62,4952.11,2455.84,3785.74,8119.7,20511.68,3042.05,7316.65,4857.49
R_3e2BcWrWSUxkn0W,8263.27,14551.81,10602.99,3799.84,2499.28,8763.57,6223.37,7191.48,2394.91,10429.95,9179.7,4586,6956.22,15383.9,36923.6,5455.57,13570.74,9392.86
R_3eghxxCsKf2tIBF,4428.02,7719.79,6324.04,2042.44,1008.54,4262.1,3309.87,3845.53,1100.85,5318.41,4373.82,2394.39,3998.81,7542.58,15894.41,2837.04,5699.31,4624.31
R_3EGTLpeT26SbDKP,3847,6488.24,5332.93,1864.45,1175.04,3971.87,2872.68,3396.26,1101.76,4673.29,5018.63,2209.81,3943.47,7852.26,15465.95,3278.48,5130.71,4264.88
R_3egxXhUhAk4XNMl,2776.99,4965.88,3103.85,1072,1110.91,3397.58,2250.94,2267.49,901.78,3374.76,5483.25,1752.24,2899.46,6974.77,14124.7,3071.16,4502.64,3589.32
R_3EiI4zAOO7P4z2w,6644.68,10538.04,8768.09,3402.13,2040.44,6496.22,4834.04,5943.44,1965.76,8273.42,9065.04,3481.77,7228.28,13916.38,20919.34,5430.51,6547.75,7998.58
R_3F3TT3JLh7RXdCB,6281.06,10903.27,8503.64,2883.83,2296.8,6923.98,4993.76,5399.27,1845.3,7503.08,10774.93,3925.47,6947.93,13693.06,28694.89,6882.64,8774.35,7161.54
R_3fCsiWGnQ7pIxfR,3579.21,6074.98,4713.53,1785.99,1064.29,3626.33,2703.63,3103.61,1009.25,4461.05,3782.6,2016.74,3223.12,6830.79,15584.32,2522.22,5680.8,4079.33
R_3fcSx05GIzS1yuJ,3277,5440.3,4875.36,1651.62,929.21,3190.75,2430.65,2946.4,910.04,3958.77,4134.04,1892.36,3509.72,6670.54,12218.08,2883.53,4011.59,3538.28
R_3FKa7Etu4XqAAVg,3071.42,5315,4397.08,1368.33,955.2,3291.02,2350.68,2672.41,856.7,3563.2,4974.87,1839.54,3391.24,7038.01,12109.57,3045.24,3682.59,3403.8
R_3fwXdY6iJvIv40c,2701.82,4664.64,3139.77,1301.62,1053.25,2877.08,1944.84,2235.11,768.92,3118.35,3044.4,1574.57,2704.22,4743.5,15261.66,2281.94,5354.34,3206.29
R_3G8msWSwB0oyRuF,17626.35,31204.61,19376.77,8072.28,6414.76,19594.62,13368.66,14462.57,5302.32,21755.22,22712.54,9957.93,15730.94,34700.17,93940.2,14300.83,33678.14,22191
R_3GpqkLRsObAnUyk,2498.95,4343.03,3273.38,1169.01,763.35,2626.13,1800.8,2106.23,698.36,2989.73,2728.62,1456.19,2309.48,4496.8,11526.36,1984.34,4232.32,2747.5
R_3GxLfKnV50pAk8d,3594.55,6300.03,4550.58,1612.47,981.56,3789.96,2673.8,3045.72,1042.41,4499.41,4207.14,2013.42,2826.3,6656.08,16386.27,2347.97,5879.89,3953.75
R_3HFVeKTCmyJjmEu,5578.26,9685.49,6702.48,2699.57,2226.52,6060,4292.6,4782.62,1675.88,6908.85,7807.49,3229.77,5815.23,11163.92,27753.17,5143.32,9059.56,6730.58
R_3HoiiLKGflGB9lv,2984.22,5204.84,2867.37,1183.74,1360.34,3590.98,2298.55,2395.53,993.74,3588.67,4913.8,1734.43,2897.34,7032.39,17685.34,3062.9,5868.77,3882.17
R_3HOKBJ7ZrPr9gsl,31625.23,53964.92,42186.41,15747.59,10492.53,32293.73,23244.45,27799.22,8921.79,38466.03,35605.09,17703.15,30672.27,60359.07,137170.72,25080.94,52747.41,36332.02
R_3Htb7hCg7rzGS6Q,5913.96,10159.58,8334.84,2797.36,1774.78,6106.55,4293.96,5131.33,1626.95,7103.01,6766.21,3483.53,5373.1,10798.36,26107.45,4529.88,9407.67,6320.88
R_3hxvda8WvLW9PDo,9311.1,16133.49,12199.73,4116.29,3119.01,10236.34,7127.61,8141.63,2747.07,11308.78,13951.28,5501.4,9616.16,20851.45,42001.17,8864.02,13512.41,10665.27
R_3IbLq0TKq6qtZ49,1629.34,2695.84,2557.19,835.37,534.33,1593.67,1194.75,1456.47,436.75,1832.8,2134.43,1004.22,1901.06,3379.62,6451.92,1572.18,1971.22,1708.54
R_3iJ7WsUFAkeSFpM,4333.33,7889.09,4835.74,1611.74,1675.87,5515.48,3738.63,3546.47,1437.04,5307.21,9943.97,2748.79,4821.42,11779.85,21346.59,5397.99,5897.11,5644.51
R_3iqClMC26QlaW7t,2131.97,3586.39,2962.7,994.31,709.55,2250.1,1553.78,1843.98,607.9,2481.17,2879.19,1243.39,2206.89,4626.65,9314.77,2008.85,3109.09,2336.59
R_3IXCLVPjL4bR9GQ,7978,13629.66,10985.14,3861.51,2566.41,8297.02,6010.37,6934.98,2253.34,9587.47,10420.3,4741.68,8132.18,15587.05,36155.91,7373.13,12917.06,8851.1
R_3J3fBDrYDiSh09x,3252.34,5505.31,4381.71,1606.73,1086.05,3204.69,2313.18,2751.98,876.55,3719.45,3776.76,1872.02,3528.59,5744.38,15537.28,2826.76,5058.07,3585.27
R_3JwSkz1G3E2jShu,2226.47,3882.15,3059.55,1090.48,772.36,2350.38,1706.38,1952.54,635.66,2681.54,2948.55,1343.32,2409.94,4580.94,10123.67,2112.07,3724.57,2561.25
R_3kn731ocVtTQRyX,3079.2,5316.01,4067.82,1403.27,1011.51,3258.28,2178,2603.28,866.73,3558.9,3723.43,1833.44,2987.76,5953.7,14052.23,2571.89,4994.62,3447.41
R_3KotY1KWAjBcw9D,5663.68,9939.37,8456.42,2878.95,1322.46,5519.88,4350.91,5034.44,1498.47,7064.19,5456.2,3235.18,4859.54,9486.7,23519.66,3564.74,9019.49,5947.6
R_3KpVHrWdk88ciIv,2500.45,4138.77,3616.96,1163.71,891.28,2627.36,1808.03,2214.4,709.73,2871.31,3477.32,1500.18,2720.88,5996.62,11203.65,2608.77,3630.41,2685.42
R_3ktPOIgTloCwNrw,3581.61,6317.9,4223.36,1666.21,1186.48,3826.05,2599.61,2950.15,1031.58,4354.7,3461.11,2021.67,2937.84,5757.49,18253.36,2397.22,6933.69,4208.92
R_3kvoNveInXF7keG,13297.41,21747.22,18675.47,5580.77,4015.09,13895.2,8934.12,12290.75,3908.21,16368.53,21375.37,7305.39,13893.17,28368.67,43578.65,11404.53,13530.25,13261.01
R_3lE2s9nS5kAi1Xa,4397.55,7740.58,6162.47,2127.54,1201.21,4507.32,3259.81,3885.51,1169.84,5428.57,4685.12,2505.52,4199.95,8000.74,19374.32,3291.55,7085,4682.37
R_3melyZvTv0zkdys,2027.76,3585.35,2114.88,776.26,829.61,2470.84,1579.36,1652.17,670.48,2414.15,3834.42,1213.72,2084.42,4886,10960.27,2164.39,3532.02,2617.85
R_3MPr0VxJw9o9hzM,1705.09,2989.96,1911.06,681.79,664.14,1875.26,1218.98,1448.88,511.09,2054.73,2264.9,970.94,1547.69,3180.87,7768.89,1331.1,2748.06,1916.11
R_3NEcyUZ0YuJcVyO,3240.75,5669.09,3892.6,1522.23,977.65,3427.73,2443.04,2783.12,942.81,4127.14,3335.35,1766.36,2732.57,6437.65,14841.74,2121.68,5513.61,3790.31
R_3NIKV348x97t2gn,2286,3949.3,3256.51,1082.77,701.04,2343.54,1729.01,2030.31,646.31,2852.91,2942.85,1308.87,2162.72,4431.76,9750.33,1760.41,3314.33,2500.82
R_3nl5mlwdIKE5O2G,43632.94,74134.51,69667.05,22662.74,13547.58,42567.41,31396.79,39322.77,11402.44,50397.46,55537.58,27348.14,50452.55,84751.96,175990.41,44753.96,60139.2,45366.24
R_3nr44gqF82ekZKj,17810.78,30253.97,26203.96,8271.21,6335.1,18915.4,12604.7,16409.29,5069.33,21196.19,26862.83,11148.94,21054.74,36861.29,78500.5,19953.17,26365.16,18583.1
R_3nwrMxAPdMFNEbF,5930.28,10201.01,7857.51,2774.73,1896.08,6334.25,4594.73,5134.71,1754.78,7308.88,8506.14,3478.46,5951.31,12589.58,25208.95,5217.44,8260.12,6979.73
R_3OpOt0wUDSe6yDm,1796.38,2984.28,2846.72,902.79,589.83,1795.06,1362.59,1651.99,509.98,2061.91,2274.15,1159.68,2038.92,3988.58,7528.79,1817.09,2636.79,1911.15
R_3oTwCV74nYOOXY0,5458.49,9612.16,6656.25,2532.19,2208.62,6149.79,4313.42,4609.36,1613.68,6569.32,8368.16,3188.26,5829.83,11483.89,27127.54,5560.73,8879.91,6650.68
R_3oWUnX8n3H7x9w3,20500.46,34810.04,28221.85,8734.36,6048.51,21832.79,14276.36,18695.45,6007.9,25268.56,31206.54,11570.92,20008.35,43450.03,79421.47,16795.39,26862.15,20958.09
R_3oZVU8eNmOJunSQ,6537.46,11714.98,8394.66,3166.14,1814.27,6668.62,4904.13,5628.42,1759.72,8227.5,5545.47,3582.25,5105.8,10873.37,30265.59,3595.55,11931.35,7356.17
R_3P4OSzx9KURyUs1,5448.35,9580.72,7729.01,2743.41,1531.14,5529.64,4182.4,4857.24,1496.36,6724.3,6178.24,3151.95,5476.27,10652.87,22902.03,4219.34,8289.26,5945.53
R_3Pb3KP4XUtPZf2W,5521.95,9557.94,7511.64,2645.9,1629.56,5637.27,4181.35,4743.49,1526.3,6720.39,7352.5,3081.91,5518.99,10934.64,23285.76,4525.28,7907.06,6279.28
R_3PRDL4EdJIYpYE0,3465.01,5890.37,4845.14,1679.62,1102.26,3542.55,2500.04,3019.31,955.04,4118.53,4183.19,2090.11,3421.29,6906.55,15403.81,3056.01,5347.79,3711.2
R_3qjTLV3Hd9Wx6wz,3236.98,5774.03,3931.03,1459.38,973.39,3545.84,2408.31,2808.8,931.68,4061.85,3648.11,1795.21,2803.51,6405.82,14496.93,2205.46,5289.13,3857.67
R_3QpgTApPupjtEYN,23838.3,40575.73,32674.28,11139.45,8206.09,25122.29,17292.92,21432.24,6903.72,28809.9,28527.58,13815.17,25182.76,50272.98,106129.44,22316.36,40730.67,26881.87
R_3QRSdRb9fMnNiKn,5253.84,9103.84,6114.58,2310.72,1806.76,5596.36,3450.72,4364.88,1523.51,6133.44,5381.34,2838.66,4537.48,9517.38,25299.77,3656.63,9863.9,6025.64
R_3qvrVnf8y8Fxscx,2879.63,4920.52,4289.24,1368.46,847.62,2905.9,2120.29,2504.62,756.53,3421.06,3754.87,1784.81,2855.67,5701.08,11393.54,2331.69,3829.05,2940.03
R_3RahxP9HTqm2Rup,3076.69,5266.7,4449.77,1516.41,954.91,3167.35,2365.83,2681.27,841.95,3671.93,3845.55,1893.07,3057.09,5980.43,13616.18,2666.35,4654.99,3330.43
R_3RaU05hUzHsj5RZ,1888.08,3245.6,2039.39,738.81,681.23,2133.39,1361.27,1563.08,584.26,2240.55,2300.66,1100.85,1630.88,3584.82,10466.19,1512.18,3439.31,2195.82
R_3rJ3pQvWHZxlzW3,5932.28,10001.42,7601.37,2554.84,2028.15,6458.5,4133.43,5099.61,1669.09,7024.09,9283.89,3589.12,5672.16,11771.44,25619.2,5480.83,8422.76,6289.96
R_3Ry1A9YDJm0dFYR,4222.59,7352.1,5848.63,2021.78,1475.93,4392.15,3075.08,3723.69,1170.54,4910.1,5193.23,2475.51,4445.27,8861.4,19270.43,3734.66,6889.31,4716.11
R_3s7cIrGxOIf3v7g,6436.09,11356.89,8311.87,3012.04,2166.44,7036.09,5000.11,5560.81,1869.64,7833.12,8268.27,3818.28,6294.67,12804.95,30459.42,5373.46,10764.22,7556.68
R_3TNGZo9dRSwMFCF,3786.14,6531.01,5535.94,1891.76,1088.94,3829.47,2892.86,3288.49,997.43,4591.54,4426.86,2306.58,3598.36,7016.39,16683.94,3095.22,5904.29,4038.43
R_3VFLvYRLIg0z1JL,4683.91,8018.24,6383.62,2242.88,1577.86,4848.74,3378.09,4064.06,1292.53,5591.56,5783.73,2814.71,4517.14,8609.38,22088.73,3930.82,7931.99,5112.87
R_4TuWRlsIhOMehjj,3627.2,6233.11,4440.99,1657.33,1345.87,4071.87,2711.28,3239.2,1161.73,4629.02,6153.62,2090.1,3941.18,8527.8,16120.12,3536.84,5218.77,4516.69
R_5pVyIJv406GfU0V,2359.23,4166.14,2480.71,995.55,939.23,2843.85,1933.4,1946.82,761.25,2880.95,3812.32,1434.11,2321.9,5331.27,13075.87,2395.15,4118.66,2902.08
R_5zlW78eEqdGFCQp,3095.87,5335.49,4098.94,1439.83,992.33,3231.54,2221.14,2638.89,861.61,3636.45,3550.12,1797.58,2947.94,6335,14113.8,2587.61,5159.22,3441.73
R_6msM8nN4u5om2w9,2732.53,4441.16,4160,1330.79,928.28,2710.4,2002.09,2498.69,802.74,3229.69,3612.5,1611.43,2948.26,6394.24,11451.49,2587.73,3788.62,2970.81
R_72Q39KT6Tjk7lnP,4429.68,7893.1,5206.63,1909.49,1478.98,5146.57,3703.02,3681.22,1398.85,5675.78,7829.68,2550.41,4385.29,10594.37,20158.03,4326.16,6228.33,5477.37
R_81VYwfDk8s48vLz,4260.46,7442.86,5459.19,1935.18,1583.52,4670.84,3247.94,3688,1263.74,4979.95,6454.88,2432.11,4659.79,8583.44,19288.02,4351.32,5915.56,4774.33
R_8ubwB4EA7u9scHT,5522.69,9546.07,7496.98,2502.55,1922.04,6146.35,4453.04,4828.67,1637.45,6644.02,9402.02,3354.62,6024.74,13261.65,24633.76,5736.68,7657.43,6347.05
R_8wdzQGOXXdNA9MJ,4981.36,8512.13,5785.71,2072.5,1681.98,5383.92,3648.51,4215.17,1492.55,5974.79,5496.89,2809.27,4269.17,9790.82,24014.83,3624.96,8564.29,5744.93
R_9YPIhXWfXP3eWB3,5273.9,8959.91,6955.83,2456.35,1784.68,5617.43,3924.42,4641.82,1537.8,6374.85,7172.1,3033.2,5346.68,11280.94,23500.7,4616.03,7976.06,5971.65
R_a5cy1t2VSAk1Yk1,2980.7,5039.93,3747.96,1275.66,960.93,3151.07,2204.35,2532.64,786.89,3485.24,3702.35,1737.44,3100.47,5967.51,12897.31,2733.88,4279.76,3073.43
R_a9KRhyZywBpKp6F,2969.88,5048.2,4431.82,1428.62,957.32,3009.47,2128,2683.53,799.75,3420.46,3825.47,1782.53,3274.97,6973.96,12125.84,2885.87,4132.69,3160.82
R_Aaf8LWFHhQ8owgx,9507.33,16564.29,12554.76,4358.38,3173.11,10225.2,7077.28,8423.75,2700.5,11696.73,12870.42,5489.55,9606.29,20065.27,42080.4,8365.15,15106.99,10830.59
R_bknyrqiIy7ZSDlf,2596.67,4524.74,3409.46,1245.93,676.08,2663.45,1991.16,2263.1,727.65,3364.63,2804.92,1387.92,2152.09,5014.92,10683.62,1612.64,3992.49,2930.71
R_BQz6N8YKKSkmPXr,2817.31,5052.89,3887.66,1302.65,846.83,3119.61,2316.89,2474.36,824.67,3411.76,4426.67,1691.14,3001.37,6903.82,12365.61,2680.23,4146.12,3171.92
R_bxaD8kYBUVxfn8Z,11253.04,19171.5,18230.65,5868.9,3509.01,11016.03,8288.39,10262.07,2824.64,12894.47,14385.88,7668.53,12853.65,21949.56,44610.08,12118.84,14957.12,10703.74
R_CdF64d12URsmWK5,4279.06,7543.83,5236.12,1909.03,1398.76,4601.49,3220.49,3692.49,1247.29,5219.08,5390.95,2417.2,4126.21,8609.14,20033.72,3316.55,7071.26,5006.99
R_cImyLdkYEICITBL,3157.75,5439.76,4316.81,1490.18,1048.85,3331.55,2376.28,2722.86,899.34,3720.07,4362.05,1893.95,3375.18,6768.16,14429.46,3008.16,4815.68,3473.76
R_cYfiIm8W49cjgxX,4892.82,8412.82,6868.89,2318.61,1541.08,5145.02,3766.12,4268.72,1374.75,5849.94,6913.3,2916.1,5359.02,10125.97,20418.49,4603.94,6479.36,5423.76
R_d6espiQajoQ2TYJ,2055.01,3682.88,2079.82,832.28,906.43,2562.67,1700.62,1700.54,680.69,2521.95,3861.61,1233.21,2161.49,4987.75,11574.76,2298.2,3607.44,2569.58
R_dg7iQBSsB8E5fMd,4996.05,8619.37,3775.9,2109.5,2258.76,5986.07,3629.26,3731.88,1705.03,5736.08,5773.29,2977.84,4457.16,7209.71,36917.32,4502.34,11785.22,6430.1
R_DiTIIu7qK76MZRT,8849.9,15528.35,11634.01,4211.41,2840.42,9341.78,6872.01,7602.26,2531.49,10779.05,12573.07,4986.24,8978.82,18253.95,39771.42,7756.66,13977.23,10505.21
R_DubnMiPmaoW0lNL,6579.64,11516.1,8010.55,3025.88,2424.36,7351.04,5200.64,5534.51,1991.63,8015.2,10357.96,3944.83,6960.03,14425.95,31206.85,6586.29,10219.87,7764.69
R_DUe8IHsqUClwVJD,3853.91,6878.78,5043.48,1839.12,1284.58,4204.27,3053.74,3360.04,1098.99,4696.97,5260.09,2295.71,4005.12,8062.99,17693.28,3449.73,6329.69,4515.88
R_ey2E7EIDpYC7cg9,4980.1,8674.91,5971.7,2235.83,1583.8,5377.51,3628.36,4237.69,1465.64,6263.21,5739.09,2744.87,4235.84,9879.71,22407.67,3482.17,8363.09,5744.24
R_ONZrtF7NN4gAZ5T,3200.49,5562.86,3947.31,1384.95,1048.51,3644.09,2555.04,2649.03,963.32,3930.87,5561.15,1889.19,3238.02,7521.39,14503.19,3148.73,4748.72,3957.16
R_p9pwnSOi8AUnV1n,4593.86,7970.04,5580.17,2095.11,1702.65,5003.89,3456.16,3952.54,1323.43,5618.42,5673.06,2582.9,4478.35,9377.87,22221.72,3836.49,8217.81,5495.07
R_pgGN9ev3cfOafwl,2193.87,3722.25,2863.78,996.54,785.7,2352.75,1559.71,1846.31,626.99,2517.76,2830.45,1304.41,2214.33,4459.92,10360.77,2010.43,3644.19,2443.78
R_pH7DUqN3xpf7zHP,3713.74,6267.95,4990.68,1619.65,1330.07,4156.84,2838.39,3045.17,1177.69,4462.62,8040.84,2304.28,4027.55,8843.96,16368.14,4310.75,3875.65,4132.61
R_PHbGDNExuJW3mhz,4230.97,7432.47,5082.74,1904.86,1572.93,4642.84,3210.45,3622.79,1271.24,5238.45,5547.93,2412.28,3998.4,8068.05,21397.7,3493.08,7286.17,4871.46
R_pL65sn5wvfIC5cl,5639.79,9967.59,6126.82,2189.75,2280,6937.71,4559.21,4663.37,1823.27,6761.63,9903.78,3505.1,5663.53,14071.87,29792.08,5919.59,9457.79,7120.94
R_PMy50NxEiNnXjtT,3969.65,6931.94,5016.15,1710.12,1028.85,4168.97,2959.24,3427.61,1057.85,4980.89,4184.29,2118.18,3431.66,7221.86,14929.46,2613.39,5771.41,4176.82
R_pNavUzpouwCJuvf,8462.33,14505.97,12149.18,3869.42,2539.17,8820.56,6337.83,7493.02,2475.08,10031.22,12278.63,5087.41,8865.19,19063.52,36158.11,7738.16,12932.79,9481.6
R_PSekWHDh3u6lP21,3806.27,6682.16,4306.56,1691.62,1317.51,4183.04,2804.34,3169.17,1140.82,4635.96,3923.41,2157.43,3088.1,6707.49,20329.38,2596.71,7424.11,4582
R_QaCBNsKrUDjVOE1,2674.92,4539.45,3930.54,1308.26,752.54,2644.95,2013.94,2344.24,733.58,3210.99,3397.96,1558.95,2674.96,5639.87,10938.56,2278.17,3728.47,2830.6
R_qF5QB9Th17xXy3D,6837.5,12041.19,9693.43,3412.23,1787.7,6693.3,5087.21,5970.26,1791.91,8387.18,6179.88,3814.14,5944.99,11664.16,29707.33,4191.73,11423.6,7482
R_qVBcoAjaXtLk3Fn,3562.87,6350.67,3934.67,1298.35,1375.59,4480.75,3030.64,2910.1,1192.04,4316.04,8004.81,2250,3803.95,9711.11,17615.92,4303.09,5015.8,4598.35
R_qWqm19p2DEc1EuB,4195.24,7416.91,4695.64,1891.61,1613.38,4719.76,3290.3,3580.61,1318.77,5249.31,5915.78,2386.8,4104.78,9288.69,21028.01,3711.3,7271.7,5157.64
R_rqAU1h5F1H4ocTv,2323.78,4048.91,2673.52,1000.99,751.77,2564.61,1705.56,1935.19,697.79,2843.53,2683.91,1342.73,1975.7,4283.05,12300.82,1700.66,4209.6,2699.86
R_RXPinhvYe2XCout,3697.2,6313.77,4776.19,1372.22,1356.77,4208.87,2635.72,3325.39,1172.12,4618.3,6595.04,2077.8,3577.25,8797.39,14289.7,3487.92,4139.48,3761.35
R_SH9mL6BsbgBVJv3,11254.59,19621.56,14482.77,4852.85,3254.16,12154.32,8778.56,9338.92,3299.12,13365.09,17870.21,6833.13,11509.81,25175.93,47610.54,10818.99,15275.58,13064.45
R_so4njgMH2cCU7dv,5421.07,9535.32,6604.49,2461.57,1726.89,5777.9,3951.19,4514.17,1548.31,6621.89,5791.26,3038.89,4917.28,10129.5,27952.96,4329.92,9936.78,6105.14
R_T0X5xPzq06ociMV,4961.77,8627.33,5953.43,2155.04,1497.18,5537.98,3933.97,4167.74,1534.24,6076.92,8671.83,2887.14,5096.99,11767.51,21311.7,4788.43,6560.23,6052.88
R_UGchcyva9XfjMTT,2179.04,3672.38,2891.89,994.23,637.19,2249.39,1602.21,1944.25,639.4,2773.68,3122.3,1186.66,2035.62,4583.39,8170.38,1679.19,2715.51,2402.37
R_UtP2xCeylvSBPl7,17430.53,29048.82,30571.77,9105.49,5195.1,16830.37,12912.83,15943.21,4512.5,19602.04,23033.14,11297.45,21030.93,34484.96,66259.3,18731.15,22267.38,16998.45
R_UzGeMas0fZMLSkF,8073.07,13842.71,11795.62,4039.83,2717.93,8269.32,6092.88,7134.96,2206.96,9520.1,10279.87,4973.15,8720.05,15212.13,36509.34,7923.86,12908.12,8759.62
R_vfcesRF7kYBltTj,7130.22,12331.17,6900.56,3025.34,2740.7,8299.01,5308.13,5608.63,2301.51,8397.09,9541.78,4232.71,6828.17,12380.96,44194.95,6654.54,14125.76,8700.83
R_vfpcQLFnCCZYm41,5578.5,9497.07,7523.11,2666.63,1918.31,5748.58,4105,4874.77,1598.77,6627.63,6819.92,3215.14,5465.39,10528.96,25767.86,4529.65,9004.72,6261.54
R_vJojsrE7zAUxI6B,7785.57,13704.48,9269.91,3506.05,3056.07,8808.05,6197.95,6505.4,2343.57,9445.09,12267.73,4673.07,8061.15,16699.45,39854.44,7686.72,12989.09,9575.76
R_VOQ8dVTv5zODlVn,6224.56,11236.26,6971.29,2240.66,2263.3,8022.99,5710.22,4968.91,2080.49,7581.47,15309.16,4028.32,6571.18,17461.91,30465.03,7920.48,8642.18,8041.79
R_vYNgnNYNIF6UzAZ,5492.52,9361.64,7668.9,2653.04,1527.97,5517.18,4071.35,4803.32,1504.91,6639.93,6022.77,3125.9,5117.57,9868.96,21956.45,4057.61,7662.41,5803.81
R_W7Oa9GBLn209wWZ,4399.59,7464.76,6106.9,2080.94,1538.68,4593.48,3183.51,3800.92,1219.91,5130.73,5237.17,2622.09,4312.43,8638.49,20804.67,3799.14,7286.81,4750.41
R_wRyGwlsxEzJI3st,7010.31,12111.68,8735.35,3236.88,2213.29,7313.2,4614.87,5799.66,1992.15,8157.76,6754.61,4066.34,6169.97,11693.04,32062.48,4937.94,12729.48,8009.68
R_WvbFVlUeAR2ClR7,2180.41,3939.46,2768.44,988.82,804.26,2407.46,1722.56,1940.88,633.28,2696.51,2859.84,1239.83,2081.05,4393.85,10931.07,1728.2,3980.85,2568.56
R_WvzhInC3foo5kHL,22114.07,37873.27,30860.15,10455.35,6666.16,23240.23,16842.24,19294.49,6419.61,26594.09,32375.3,13007.89,23891.59,50790.56,93656.58,21231.95,30781.97,25367.62
R_xaoSCqrohkHLzNv,2155.92,3623.77,3102.82,1017.11,707.19,2223.22,1592.8,1867.6,589.27,2500.36,2985.21,1297.18,2315.97,4386.21,9390.31,2036.22,3100.55,2371.65
R_xbEk0Hwtupnzjgt,8399.71,14641.78,12524.85,4118.41,2178.83,8420.44,6268.19,7536.83,2239.49,10306.18,9235.71,4868.16,7842.22,15286.86,34606.16,6159.59,12460.18,8786.03
R_XN8RqQdhLWq6iEp,2073.84,3594.93,2910.53,1010.08,590.63,2106.09,1565.47,1781.25,571.06,2519.96,2799.67,1240.42,2037.21,4118.19,8983.63,1792.87,3052.3,2278.01
R_Xoo7WH3mATS1i7f,2725.6,4571.93,3481.7,1236.16,952.15,2926.76,1981.13,2278.43,826,3141.16,3787.26,1613.34,2799.66,5538.48,13426.55,2619.31,4169.48,3031.29
R_Xtcbw5JiYLSqQ8h,0,0,0,0,0,0,0,0,0,0,0,0,0,0,0,0,0,0
R_xxfhOtOwKGuHl5L,2503.28,4469.63,3328.98,1173.19,759.8,2607.62,1833.82,2150.84,697.52,3046.55,3019.67,1437.36,2388.22,4987.83,10976.98,1925.43,3947.35,2746.52
R_Y9pbzJXypYh7H0Z,2144.73,3694.36,3183.29,1046.41,579.26,2151.4,1623.35,1909.29,575.57,2610.21,2249.81,1272.07,1952.12,4183.23,9167.01,1599.2,3421.25,2286.32
R_ymRqc5xczQ6pI89,15214.48,25826.95,21441.34,7440.48,4739.05,15853.03,11854.12,13610.42,4439.64,18601.91,20969.25,8989.49,15967.44,32072.07,63174.46,14056.2,22152.8,17413.25
R_z0URu9DPym30zv3,4162.21,7430.11,5197.09,2020.78,1478.74,4400.22,3179.85,3531.64,1133.37,5139.52,4611.97,2342.46,3909.49,7435.57,20654.6,3176.93,8316.18,4932.3
R_Z4ceRrch407A7vj,20019.64,33926.04,29901.42,9704.27,6077.47,20471.75,14654.79,17826.38,5505.85,23560.12,26371.07,12274.94,22361.52,44136.03,84098.02,19399.84,29249.87,22347.01
